-- INSERT DATA INTO CUSTOMERS TABLE --
INSERT INTO Customers (NationalCode, FirstName, LastName, PhoneNumber, Street, City, Province) VALUES ('0000000000', 'FirstName 1', 'LastName 1', '00000000000', 'Street 1', 'Tehran', 'Tehran');
INSERT INTO Customers (NationalCode, FirstName, LastName, PhoneNumber, Street, City, Province) VALUES ('1111111111', 'FirstName 2', 'LastName 2', '11111111111', 'Street 2', 'Tehran', 'Tehran');
INSERT INTO Customers (NationalCode, FirstName, LastName, PhoneNumber, Street, City, Province) VALUES ('2222222222', 'FirstName 3', 'LastName 3', '22222222222', 'Street 3', 'Tehran', 'Theran');
INSERT INTO Customers (NationalCode, FirstName, LastName, PhoneNumber, Street, City, Province) VALUES ('3333333333', 'FirstName 4', 'LastName 4', '33333333333', 'Street 4', 'Shiraz', 'Fars');
INSERT INTO Customers (NationalCode, FirstName, LastName, PhoneNumber, Street, City, Province) VALUES ('4444444444', 'FirstName 5', 'LastName 5', '44444444444', 'Street 5', 'Shiraz', 'Fars');
INSERT INTO Customers (NationalCode, FirstName, LastName, PhoneNumber, Street, City, Province) VALUES ('5555555555', 'FirstName 6', 'LastName 6', '55555555555', 'Street 6', 'Shiraz', 'Fars');
INSERT INTO Customers (NationalCode, FirstName, LastName, PhoneNumber, Street, City, Province) VALUES ('6666666666', 'FirstName 7', 'LastName 7', '66666666666', 'Street 7', 'Isfahan', 'Isfahan');
INSERT INTO Customers (NationalCode, FirstName, LastName, PhoneNumber, Street, City, Province) VALUES ('7777777777', 'FirstName 8', 'LastName 8', '77777777777', 'Street 8', 'Shiraz', 'Fars');
INSERT INTO Customers (NationalCode, FirstName, LastName, PhoneNumber, Street, City, Province) VALUES ('8888888888', 'FirstName 9', 'LastName 9', '88888888888', 'Street 9', 'Qom', 'Qom');
INSERT INTO Customers (NationalCode, FirstName, LastName, PhoneNumber, Street, City, Province) VALUES ('9999999999', 'FirstName 10', 'LastName 10', '99999999999', 'Street 10', 'Mashhad', 'Khorasan Razavi');
INSERT INTO Customers (NationalCode, FirstName, LastName, PhoneNumber, Street, City, Province) VALUES ('2046035114', 'FirstName 11', 'LastName 11', '9956957088', 'Street 11', 'Tehran', 'Theran');
INSERT INTO Customers (NationalCode, FirstName, LastName, PhoneNumber, Street, City, Province) VALUES ('3359939655', 'FirstName 12', 'LastName 12', '0226810187', 'Street 12', 'Tehran', 'Theran');
INSERT INTO Customers (NationalCode, FirstName, LastName, PhoneNumber, Street, City, Province) VALUES ('8857805291', 'FirstName 13', 'LastName 13', '8732868077', 'Street 13', 'Tehran', 'Theran');
INSERT INTO Customers (NationalCode, FirstName, LastName, PhoneNumber, Street, City, Province) VALUES ('3535408400', 'FirstName 14', 'LastName 14', '0843256185', 'Street 14', 'Qom', 'Qom');
INSERT INTO Customers (NationalCode, FirstName, LastName, PhoneNumber, Street, City, Province) VALUES ('9999999999', 'FirstName 10', 'LastName 10', '99999999999', 'Street 10', 'Mashhad', 'Khorasan Razavi');
INSERT INTO Customers (NationalCode, FirstName, LastName, PhoneNumber, Street, City, Province) VALUES ('1407171267', 'FirstName 10', 'LastName 10', '1407171267', 'Street 10', 'Shiraz', 'Fars');
INSERT INTO Customers (NationalCode, FirstName, LastName, PhoneNumber, Street, City, Province) VALUES ('0543047567', 'FirstName 10', 'LastName 10', '0543047567', 'Street 10', 'Isfahan', 'Isfahan');
INSERT INTO Customers (NationalCode, FirstName, LastName, PhoneNumber, Street, City, Province) VALUES ('7530708269', 'FirstName 10', 'LastName 10', '7530708269', 'Street 10', 'Mashhad', 'Khorasan Razavi');
INSERT INTO Customers (NationalCode, FirstName, LastName, PhoneNumber, Street, City, Province) VALUES ('8482657332', 'FirstName 10', 'LastName 10', '8482657332', 'Street 10', 'Tehran', 'Tehran');
INSERT INTO Customers (NationalCode, FirstName, LastName, PhoneNumber, Street, City, Province) VALUES ('3308171559', 'FirstName 10', 'LastName 10', '3308171559', 'Street 10', 'Tehran', 'Tehran');

-- INSERT DATA INTO SUPPLIERS TABLE --
INSERT INTO Suppliers(SupplierName,SupplierAddress,SupplierEmail,WorkHour) values ('Raymond V. Wilson','Iran,Tehran,ValiasrStreet,P1','RaymondVWilson@dayrep.com','8 a.m- 8 p.m');
INSERT INTO Suppliers(SupplierName,SupplierAddress,SupplierEmail,WorkHour) values ('Noah V. Simpson','Iran,Tehran,ValiasrStreet,P2','NoahVSimpson@armyspy.com','8 a.m- 8 p.m');
INSERT INTO Suppliers(SupplierName,SupplierAddress,SupplierEmail,WorkHour) values ('Lonnie L. Ruiz','Iran,Isfahan,Parvin Street,P4','LonnieLRuiz@jourrapide.com','7 a.m - 6 p.m');
INSERT INTO Suppliers(SupplierName,SupplierAddress,SupplierEmail,WorkHour) values ('Emily Almeida Rodrigues','Iran,Shiraz,Eram Street,P12','EmilyAlmeidaRodrigues@rhyta.com','7 a.m - 9 p.m');
INSERT INTO Suppliers(SupplierName,SupplierAddress,SupplierEmail,WorkHour) values ('Garland R. Deaton','Iran,Shiraz,Eram Street,P12','GarlandR.Deaton@rhyta.com','7 a.m - 9 p.m');
INSERT INTO Suppliers(SupplierName,SupplierAddress,SupplierEmail,WorkHour) values ('John M. Bates','Iran,Shiraz,Eram Street,P12','JohnM.Bates@rhyta.com','7 a.m - 9 p.m');
INSERT INTO Suppliers(SupplierName,SupplierAddress,SupplierEmail,WorkHour) values ('Todd J. Arnold','Iran,Shiraz,Eram Street,P12','ToddJ.Arnold@rhyta.com','7 a.m - 9 p.m');
INSERT INTO Suppliers(SupplierName,SupplierAddress,SupplierEmail,WorkHour) values ('Jimmy T. Burnside','Iran,Shiraz,Eram Street,P12','JimmyTBurnside@dayrep.com','7 a.m - 9 p.m');

-- INSERT DATA INTO BRANDS TABLE 
INSERT INTO Brands(BrandName,EstablishDate) values('FruitLand', '2009-10-10');
INSERT INTO Brands(BrandName,EstablishDate) values('Panda', '2001-8-9');
INSERT INTO Brands(BrandName,EstablishDate) values('kibi', '2010-10-12');
INSERT INTO Brands(BrandName,EstablishDate) values('Roghan D3', '2011-12-4');
INSERT INTO Brands(BrandName,EstablishDate) values('Seven','2015-8-10');
INSERT INTO Brands(BrandName,EstablishDate) values('Domino','2010-8-7');
INSERT INTO Brands(BrandName,EstablishDate) values('cocacola','2000-9-5');
INSERT INTO Brands(BrandName,EstablishDate) values('fanta','2000-8-5');
INSERT INTO Brands(BrandName,EstablishDate) values('Damdaran', '1950-10-6');
INSERT INTO Brands(BrandName,EstablishDate) values('Petibure','1999-5-8');
INSERT INTO Brands(BrandName,EstablishDate) values('SanIch','1999-5-8');
INSERT INTO Brands(BrandName,EstablishDate) values('Ladan','2001-5-8');
INSERT INTO Brands(BrandName,EstablishDate) values('Shibaba','2006-2-2');
INSERT INTO Brands(BrandName,EstablishDate) values('Gol Mohammadi', '2008-5-7');

-- INSERT DATA INTO COMPANY TABLE --
INSERT INTO Company(CompanyName,EstablishDate,CompanyNumber,RepoAddress) values('Mihan', '1999-1-1','085168207552909092','Iran, Azarbaiejan,Tabriz');
INSERT INTO Company(CompanyName,EstablishDate,CompanyNumber,RepoAddress) values('Kaleh', '2002-10-30', '578490371264835258','Iran,Tehran,Damavand');
INSERT INTO Company(CompanyName,EstablishDate,CompanyNumber,RepoAddress) values('Naderi','1989-5-6','333759903852424903','Iran,Gilan,Rasht');
INSERT INTO Company(CompanyName,EstablishDate,CompanyNumber,RepoAddress) values('Oila','1980-4-8','422089248747293706','Iran,Qom,Qom');
INSERT INTO Company(CompanyName,EstablishDate,CompanyNumber,RepoAddress) values('SanIch','1970-8-9','142963175975174131','Iran,West Azarbaiejan, Urumieh');
INSERT INTO Company(CompanyName,EstablishDate,CompanyNumber,RepoAddress) values('ZamZam','1899-10-5','097208398023217597','Iran,Isfahan,Isfahan');
INSERT INTO Company(CompanyName,EstablishDate,CompanyNumber,RepoAddress) values('Shibaba', '1999-10-8', '063191017969533806','Iran, Karaj,Karaj');
INSERT INTO Company(CompanyName,EstablishDate,CompanyNumber,RepoAddress) values('Gol Mohammadi', '2000-1-18', '607804558480550925','Iran, Theran,varamin');

-- INSERT DATA INTO Modle TABLE --
INSERT INTO Model(ModelName) values('Panir');
INSERT INTO Model(ModelName) values('Kareh');
INSERT INTO Model(ModelName) values('Dogh');
INSERT INTO Model(ModelName) values('Noshabeh');
INSERT INTO Model(ModelName) values('Delester');
INSERT INTO Model(ModelName) values('Sprite');
INSERT INTO Model(ModelName) values('Syrup');
INSERT INTO Model(ModelName) values('Mast');
INSERT INTO Model(ModelName) values('Roghan');
INSERT INTO Model(ModelName) values('Koloche');
INSERT INTO Model(ModelName) values('Bisckouiet');
INSERT INTO Model(ModelName) values('cake');
INSERT INTO Model(ModelName) values('Fruit Juice');
INSERT INTO Model(ModelName) values('Shir');
select * from model
-- INSERT DATA INTO PRODUCTS TABLE --
INSERT INTO Products(ProductId,ProductName,ProductCount,ProductWeight,ModelId,ProductBrand,CompanyId) values('173272314210','Orange Juice',1000,1.5,13,1,1);
INSERT INTO Products(ProductId,ProductName,ProductCount,ProductWeight,ModelId,ProductBrand,CompanyId) values('834511378331','Panir Lighvan',3000,300.0,1,3,2);
INSERT INTO Products(ProductId,ProductName,ProductCount,ProductWeight,ModelId,ProductBrand,CompanyId) values('423595000114','Coca',1000,1.5,4,7,6);
INSERT INTO Products(ProductId,ProductName,ProductCount,ProductWeight,ModelId,ProductBrand,CompanyId) values('563028129074','Koloche Gerdouie',1000,500.0,10,10,3);
INSERT INTO Products(ProductId,ProductName,ProductCount,ProductWeight,ModelId,ProductBrand,CompanyId) values('135759117128','Sharbat Albalo', 2000,800.0, 7,11,5);
INSERT INTO Products(ProductId,ProductName,ProductCount,ProductWeight,ModelId,ProductBrand,CompanyId) values('335006158479', 'Ladan Talaei', 5000,1000.0, 9,12,4);
INSERT INTO Products(ProductId,ProductName,ProductCount,ProductWeight,ModelId,ProductBrand,CompanyId) values('936922987130', 'Saghe Talaei', 9000,200.0,11,10,3);
INSERT INTO Products(ProductId,ProductName,ProductCount,ProductWeight,ModelId,ProductBrand,CompanyId) values('211742050926', 'ISTAK LIMOO', 5000,200.0,5,8,6);
INSERT INTO Products(ProductId,ProductName,ProductCount,ProductWeight,ModelId,ProductBrand,CompanyId) values('111930727006','Kareh Giahi', 8000, 250.0,2,2,2);
INSERT INTO Products(ProductId,ProductName,ProductCount,ProductWeight,ModelId,ProductBrand,CompanyId) values('599268216196','Limonad', 1000, 200.0,6,8,6);
INSERT INTO Products(ProductId,ProductName,ProductCount,ProductWeight,ModelId,ProductBrand,CompanyId) values('844422578832','Mast Hamzadeh', 2000, 800.0,8,6,2);
INSERT INTO Products(ProductId,ProductName,ProductCount,ProductWeight,ModelId,ProductBrand,CompanyId) values('320405707926','Dogh nana', 5000, 600.0,3,9,1);
INSERT INTO Products(ProductId,ProductName,ProductCount,ProductWeight,ModelId,ProductBrand,CompanyId) values('122493453854','Shir Kam Charb', 5000, 600.0,14,9,1);
INSERT INTO Products(ProductId,ProductName,ProductCount,ProductWeight,ModelId,ProductBrand,CompanyId) values('272522862412','rose flower cake',5000,100.0,12,14,8);
INSERT INTO Products(ProductId,ProductName,ProductCount,ProductWeight,ModelId,ProductBrand,CompanyId) values('338103903998','croissant cake',6000,100.0,12,13,7);
select * from products 
-- INSERT DATA INTO ORDERS TABLE 
INSERT INTO Orders(OrderDate,CustomerId,ProductId)values('2020-12-12','2222222222','111930727006');
INSERT INTO Orders(OrderDate,CustomerId,ProductId)values('2019-1-1','2222222222','135759117128');
INSERT INTO Orders(OrderDate,CustomerId,ProductId)values('2020-2-3','0000000000','423595000114');
INSERT INTO Orders(OrderDate,CustomerId,ProductId)values('2023-6-25','0000000000','936922987130');
INSERT INTO Orders(OrderDate,CustomerId,ProductId)values('2023-1-2','0000000000','844422578832');
INSERT INTO Orders(OrderDate,CustomerId,ProductId)values('2022-5-8','2222222222','335006158479');
INSERT INTO Orders(OrderDate,CustomerId,ProductId)values('2022-7-18','4444444444','599268216196');
INSERT INTO Orders(OrderDate,CustomerId,ProductId)values('2021-12-30','1234567810','320405707926');
INSERT INTO Orders(OrderDate,CustomerId,ProductId)values('2021-8-29','5555555555','563028129074');
INSERT INTO Orders(OrderDate,CustomerId,ProductId)values('2020-10-24','5555555555','844422578832');
INSERT INTO Orders(OrderDate,CustomerId,ProductId)values('2021-11-3','7777777777','335006158479');
INSERT INTO Orders(OrderDate,CustomerId,ProductId)values('2023-5-20','4444444444','320405707926');
INSERT INTO Orders(OrderDate,CustomerId,ProductId)values('2015-2-2','7777777777','320405707926');
INSERT INTO Orders(OrderDate,CustomerId,ProductId)values('2023-5-10','1234567810','599268216196');
INSERT INTO Orders(OrderDate,CustomerId,ProductId)values('2023-1-20','2222222222','844422578832');
INSERT INTO Orders(OrderDate,CustomerId,ProductId)values('2021-5-20','4444444444','563028129074');
INSERT INTO Orders(OrderDate,CustomerId,ProductId)values('2023-6-26','1234567810','844422578832');
INSERT INTO Orders(OrderDate,CustomerId,ProductId)values('2023-6-26','4444444444','563028129074');
INSERT INTO Orders(OrderDate,CustomerId,ProductId)values('2023-6-26','7777777777','320405707926');
INSERT INTO Orders(OrderDate,CustomerId,ProductId)values('2023-6-26','7777777777','844422578832');
INSERT INTO Orders(OrderDate,CustomerId,ProductId)values('2023-6-26','4444444444','320405707926');
INSERT INTO Orders(OrderDate,CustomerId,ProductId)values('2023-6-26','1234567810','335006158479');
INSERT INTO Orders(OrderDate,CustomerId,ProductId)values('2023-6-26','1234567810','135759117128');
INSERT INTO Orders(OrderDate,CustomerId,ProductId)values('2023-6-26','4444444444','135759117128');
INSERT INTO Orders(OrderDate,CustomerId,ProductId)values('2023-6-26','7777777777','173272314210');
INSERT INTO Orders(OrderDate,CustomerId,ProductId)values('2023-6-26','5555555555','211742050926');
INSERT INTO Orders(OrderDate,CustomerId,ProductId)values('2023-6-26','1407171267','338103903998');
INSERT INTO Orders(OrderDate,CustomerId,ProductId)values('2022-6-26','1407171267','122493453854');
INSERT INTO Orders(OrderDate,CustomerId,ProductId)values('2021-6-26','1407171267','272522862412');
INSERT INTO Orders(OrderDate,CustomerId,ProductId)values('2020-6-26','1407171267','211742050926');
INSERT INTO Orders(OrderDate,CustomerId,ProductId)values('2019-6-26','0543047567','211742050926');
INSERT INTO Orders(OrderDate,CustomerId,ProductId)values('2018-6-26','0543047567','122493453854');
INSERT INTO Orders(OrderDate,CustomerId,ProductId)values('2017-6-26','0543047567','272522862412');
INSERT INTO Orders(OrderDate,CustomerId,ProductId)values('2023-6-26','7530708269','122493453854');
INSERT INTO Orders(OrderDate,CustomerId,ProductId)values('2023-6-26','7530708269','338103903998');
INSERT INTO Orders(OrderDate,CustomerId,ProductId)values('2023-6-26','8482657332','936922987130');
INSERT INTO Orders(OrderDate,CustomerId,ProductId)values('2022-6-26','8482657332','338103903998');
INSERT INTO Orders(OrderDate,CustomerId,ProductId)values('2021-6-26','8482657332','936922987130');
INSERT INTO Orders(OrderDate,CustomerId,ProductId)values('2020-6-26','8482657332','936922987130');
INSERT INTO Orders(OrderDate,CustomerId,ProductId)values('2023-6-26','8482657332','338103903998');
INSERT INTO Orders(OrderDate,CustomerId,ProductId)values('2022-6-26','8482657332','272522862412');
INSERT INTO Orders(OrderDate,CustomerId,ProductId)values('2021-6-26','8482657332','272522862412');
INSERT INTO Orders(OrderDate,CustomerId,ProductId)values('2023-6-26','3308171559','936922987130');
INSERT INTO Orders(OrderDate,CustomerId,ProductId)values('2023-6-26','3308171559','936922987130');
INSERT INTO Orders(OrderDate,CustomerId,ProductId)values('2023-6-26','3308171559','338103903998');
INSERT INTO Orders(OrderDate,CustomerId,ProductId)values('2023-6-26','3308171559','272522862412');
INSERT INTO Orders(OrderDate,CustomerId,ProductId)values('2023-6-26','3308171559','338103903998');

-- INSERT DATA INTO PRODUCT_SUPPLIER
INSERT INTO product_supplier(NumberOfProducts,ProductId,SupplierId)values(100,'111930727006', 1);
INSERT INTO product_supplier(NumberOfProducts,ProductId,SupplierId)values(110,'111930727006',1);
INSERT INTO product_supplier(NumberOfProducts,ProductId,SupplierId)values(115,'135759117128',1);
INSERT INTO product_supplier(NumberOfProducts,ProductId,SupplierId)values(120,'173272314210',1);
INSERT INTO product_supplier(NumberOfProducts,ProductId,SupplierId)values(130,'211742050926',1);
INSERT INTO product_supplier(NumberOfProducts,ProductId,SupplierId)values(125,'320405707926',2);
INSERT INTO product_supplier(NumberOfProducts,ProductId,SupplierId)values(105,'335006158479',2);
INSERT INTO product_supplier(NumberOfProducts,ProductId,SupplierId)values(165,'423595000114',2);
INSERT INTO product_supplier(NumberOfProducts,ProductId,SupplierId)values(80,'834511378331',1);
INSERT INTO product_supplier(NumberOfProducts,ProductId,SupplierId)values(90,'599268216196',2);
INSERT INTO product_supplier(NumberOfProducts,ProductId,SupplierId)values(70,'563028129074',3);
INSERT INTO product_supplier(NumberOfProducts,ProductId,SupplierId)values(50,'135759117128',1);
INSERT INTO product_supplier(NumberOfProducts,ProductId,SupplierId)values(40,'111930727006',2);
INSERT INTO product_supplier(NumberOfProducts,ProductId,SupplierId)values(30,'936922987130',3);

INSERT INTO product_supplier(NumberOfProducts,ProductId,SupplierId)values(10,'122493453854',4);
INSERT INTO product_supplier(NumberOfProducts,ProductId,SupplierId)values(20,'122493453854',1);
INSERT INTO product_supplier(NumberOfProducts,ProductId,SupplierId)values(30,'122493453854',2);
INSERT INTO product_supplier(NumberOfProducts,ProductId,SupplierId)values(40,'272522862412',5);
INSERT INTO product_supplier(NumberOfProducts,ProductId,SupplierId)values(50,'320405707926',5);
INSERT INTO product_supplier(NumberOfProducts,ProductId,SupplierId)values(60,'338103903998',6);
INSERT INTO product_supplier(NumberOfProducts,ProductId,SupplierId)values(70,'844422578832',7);
INSERT INTO product_supplier(NumberOfProducts,ProductId,SupplierId)values(80,'111930727006',7);
INSERT INTO product_supplier(NumberOfProducts,ProductId,SupplierId)values(90,'272522862412',7);
INSERT INTO product_supplier(NumberOfProducts,ProductId,SupplierId)values(100,'338103903998',7);
INSERT INTO product_supplier(NumberOfProducts,ProductId,SupplierId)values(110,'111930727006',8);
INSERT INTO product_supplier(NumberOfProducts,ProductId,SupplierId)values(120,'338103903998',8);

-- INSERT DATA INTO PRODUCT_ORDER
INSERT INTO product_orders(OrderId,ProductId,SupplierId,NumberOfProducts)values(1,'135759117128', 1, 3);
INSERT INTO product_orders(OrderId,ProductId,SupplierId,NumberOfProducts)values(25,'135759117128', 1, 12);
INSERT INTO product_orders(OrderId,ProductId,SupplierId,NumberOfProducts)values(26,'173272314210', 1, 20);
INSERT INTO product_orders(OrderId,ProductId,SupplierId,NumberOfProducts)values(27,'211742050926', 1, 45);
INSERT INTO product_orders(OrderId,ProductId,SupplierId,NumberOfProducts)values(2,'111930727006', 2, 2);
INSERT INTO product_orders(OrderId,ProductId,SupplierId,NumberOfProducts)values(2,'111930727006', 2, 4);
INSERT INTO product_orders(OrderId,ProductId,SupplierId,NumberOfProducts)values(3,'423595000114', 2, 4);
INSERT INTO product_orders(OrderId,ProductId,SupplierId,NumberOfProducts)values(4,'936922987130', 4, 12);
INSERT INTO product_orders(OrderId,ProductId,SupplierId,NumberOfProducts)values(5,'844422578832', 4, 15);
INSERT INTO product_orders(OrderId,ProductId,SupplierId,NumberOfProducts)values(6,'335006158479', 2, 20);
INSERT INTO product_orders(OrderId,ProductId,SupplierId,NumberOfProducts)values(7,'599268216196', 3, 10);
INSERT INTO product_orders(OrderId,ProductId,SupplierId,NumberOfProducts)values(8,'320405707926', 2, 5);
INSERT INTO product_orders(OrderId,ProductId,SupplierId,NumberOfProducts)values(23,'335006158479', 2, 25);
INSERT INTO product_orders(OrderId,ProductId,SupplierId,NumberOfProducts)values(22,'320405707926', 2, 14);
INSERT INTO product_orders(OrderId,ProductId,SupplierId,NumberOfProducts)values(25,'320405707926', 2, 14);
INSERT INTO product_orders(OrderId,ProductId,SupplierId,NumberOfProducts)values(25,'135759117128', 5, 60);
INSERT INTO product_orders(OrderId,ProductId,SupplierId,NumberOfProducts)values(25,'135759117128', 6, 70);
INSERT INTO product_orders(OrderId,ProductId,SupplierId,NumberOfProducts)values(26,'173272314210', 7, 80);
INSERT INTO product_orders(OrderId,ProductId,SupplierId,NumberOfProducts)values(26,'173272314210', 8, 90);
INSERT INTO product_orders(OrderId,ProductId,SupplierId,NumberOfProducts)values(26,'173272314210', 5, 30);
INSERT INTO product_orders(OrderId,ProductId,SupplierId,NumberOfProducts)values(51,'338103903998', 6, 29);
INSERT INTO product_orders(OrderId,ProductId,SupplierId,NumberOfProducts)values(53,'122493453854', 7, 19);
INSERT INTO product_orders(OrderId,ProductId,SupplierId,NumberOfProducts)values(53,'122493453854', 8, 20);
INSERT INTO product_orders(OrderId,ProductId,SupplierId,NumberOfProducts)values(57,'122493453854', 1, 18);
INSERT INTO product_orders(OrderId,ProductId,SupplierId,NumberOfProducts)values(58,'272522862412', 2, 35);
INSERT INTO product_orders(OrderId,ProductId,SupplierId,NumberOfProducts)values(61,'936922987130', 3, 25);
INSERT INTO product_orders(OrderId,ProductId,SupplierId,NumberOfProducts)values(59,'122493453854', 4, 50);

